CASE_ID,ACCIDENT_YEAR,PROC_DATE,JURIS,COLLISION_DATE,COLLISION_TIME,OFFICER_ID,REPORTING_DISTRICT,DAY_OF_WEEK,CHP_SHIFT,POPULATION,CNTY_CITY_LOC,SPECIAL_COND,BEAT_TYPE,CHP_BEAT_TYPE,CITY_DIVISION_LAPD,CHP_BEAT_CLASS,BEAT_NUMBER,PRIMARY_RD,SECONDARY_RD,DISTANCE,DIRECTION,INTERSECTION,WEATHER_1,WEATHER_2,STATE_HWY_IND,CALTRANS_COUNTY,CALTRANS_DISTRICT,STATE_ROUTE,ROUTE_SUFFIX,POSTMILE_PREFIX,POSTMILE,LOCATION_TYPE,RAMP_INTERSECTION,SIDE_OF_HWY,TOW_AWAY,COLLISION_SEVERITY,NUMBER_KILLED,NUMBER_INJURED,PARTY_COUNT,PRIMARY_COLL_FACTOR,PCF_CODE_OF_VIOL,PCF_VIOL_CATEGORY,PCF_VIOLATION,PCF_VIOL_SUBSECTION,HIT_AND_RUN,TYPE_OF_COLLISION,MVIW,PED_ACTION,ROAD_SURFACE,ROAD_COND_1,ROAD_COND_2,LIGHTING,CONTROL_DEVICE,CHP_ROAD_TYPE,PEDESTRIAN_ACCIDENT,BICYCLE_ACCIDENT,MOTORCYCLE_ACCIDENT,TRUCK_ACCIDENT,NOT_PRIVATE_PROPERTY,ALCOHOL_INVOLVED,STWD_VEHTYPE_AT_FAULT,CHP_VEHTYPE_AT_FAULT,COUNT_SEVERE_INJ,COUNT_VISIBLE_INJ,COUNT_COMPLAINT_PAIN,COUNT_PED_KILLED,COUNT_PED_INJURED,COUNT_BICYCLIST_KILLED,COUNT_BICYCLIST_INJURED,COUNT_MC_KILLED,COUNT_MC_INJURED,PRIMARY_RAMP,SECONDARY_RAMP,LATITUDE,LONGITUDE,COUNTY,CITY,POINT_X,POINT_Y
91542546,2021,2021-08-11,9160,2021-07-30,1235,018128,,5,1,9,1100,0,3,5,,2,005,"COUNTY ROAD 25","COUNTY ROAD S",1450.00,E,N,A,-,N,,,,,,,,,,Y,2,0,1,1,A,-,01,23152,A,N,E,I,A,A,H,-,A,D,0,,,,,Y,Y,A,07,1,0,0,0,0,0,0,0,0,"- ","- ",39.69586181640625,-122.09795379638672,GLENN,UNINCORPORATED,-122.09799957275391,39.695934295654297
91633463,2021,2021-11-23,9160,2021-10-15,1527,020558,,5,2,9,1100,0,1,1,,2,006,"INTERSTATE 5 SOUTH","COUNTY ROAD 33",4752.00,N,N,A,-,Y,,,5,,,,,,,Y,3,0,2,2,A,-,03,22350,,N,C,C,A,A,H,-,A,D,0,,,,,Y,,A,01,0,2,0,0,0,0,0,0,0,"- ","- ",39.636558532714844,-122.20435333251953,GLENN,UNINCORPORATED,-122.20436859130859,39.636558532714844
91623516,2021,2021-11-12,9160,2021-09-14,1700,018750,,2,2,9,1100,0,1,1,,2,002,"I-5 S/B","COUNTY ROAD 57",500.00,S,N,A,-,Y,,,5,,,,,,S,Y,2,0,2,1,A,-,08,22107,,N,F,0,A,A,H,-,A,D,0,,,,,Y,,D,22,1,0,1,0,0,0,0,0,0,"- ","- ",39.493980407714844,-122.19689178466797,GLENN,UNINCORPORATED,-122.19674682617188,39.494037628173828
91494527,2021,2021-06-10,9160,2021-06-04,1640,019164,,5,2,9,1100,0,1,3,,1,010,SR-45,"COUNTY ROAD 44",1584.00,S,N,A,-,Y,,,45,,,,,,,N,3,0,1,2,A,-,05,21460,A,N,B,C,A,A,H,-,A,D,0,,,,,Y,,A,07,0,1,0,0,0,0,0,0,0,"- ","- ",39.552810668945312,-122.00335693359375,GLENN,UNINCORPORATED,-122.00315856933594,39.552753448486328
91455571,2021,2021-04-21,9160,2021-03-15,1715,018750,,1,2,2,1102,0,3,5,,2,001,"COUNTY ROAD H","COUNTY ROAD 48",500.00,N,N,B,-,N,,,,,,,,,,Y,3,0,1,1,A,-,08,22107,,N,F,A,A,A,H,-,A,D,0,,,,,Y,,D,22,0,1,0,0,0,0,0,0,0,"- ","- ",39.540508270263672,-122.21524047851562,GLENN,WILLOWS,,
91480184,2021,2021-05-27,9160,2021-05-12,2335,015118,,3,3,9,1100,0,1,1,,2,004,"I-5 S/B","CO. RD. 48",528.00,N,N,A,-,Y,,,5,,,,,,S,Y,3,0,1,1,A,-,01,23152,F,N,F,A,A,A,H,-,D,D,0,,,,,Y,,A,01,0,1,0,0,0,0,0,0,0,"- ","- ",39.540298461914062,-122.21482086181641,GLENN,UNINCORPORATED,-122.21493530273438,39.540298461914062
91475531,2021,2021-05-27,9160,2021-05-12,1322,017577,,3,1,2,1101,0,1,1,,2,006,"INTERSTATE 5 N/B","STATE ROUTE 32",326.00,N,N,A,-,Y,,,5,,,,,,N,Y,4,0,2,1,A,-,08,22107,,N,E,I,A,A,H,-,A,D,0,,,,,Y,,A,01,0,0,2,0,0,0,0,0,0,"- ","- ",39.752120971679688,-122.20545959472656,GLENN,ORLAND,-122.20535278320312,39.752117156982422
91473993,2021,2021-05-27,9160,2021-05-13,0552,017577,,4,3,9,1100,0,1,1,,2,002,"INTERSTATE 5 S/B","COUNTY ROAD 68",7392.00,N,N,A,-,Y,,,5,,,,,,S,Y,4,0,2,2,A,-,03,22350,,N,C,C,A,A,H,-,A,D,0,,,,Y,Y,,D,22,0,0,2,0,0,0,0,0,0,"- ","- ",39.426910400390625,-122.19357299804688,GLENN,UNINCORPORATED,-122.19350433349609,39.426910400390625
91435268,2021,2021-03-25,9160,2021-03-15,1310,016148,,1,1,9,1100,0,3,5,,2,005,"COUNTY ROAD MM","COUNTY ROAD 19",401.00,N,N,A,-,N,,,,,,,,,,Y,4,0,1,1,A,-,08,22107,,N,E,I,A,A,H,-,A,D,0,,,,,Y,,D,22,0,0,1,0,0,0,0,0,0,"- ","- ",39.730239868164062,-122.16890716552734,GLENN,UNINCORPORATED,-122.1688232421875,39.730129241943359
91394266,2021,2021-01-26,9160,2021-01-14,2340,020735,,4,3,9,1100,0,1,3,,2,012,SR-162,"COUNTY ROAD ZZ",4000.00,W,N,A,-,Y,,,162,,,,,,,Y,4,0,1,2,A,-,08,22107,,M,B,C,A,A,H,-,D,D,0,,,,,Y,,A,01,0,0,1,0,0,0,0,0,0,"- ","- ",39.46392822265625,-121.91213989257812,GLENN,UNINCORPORATED,-121.91213989257812,39.463920593261719
91642460,2021,2021-12-03,9160,2021-11-26,1334,017577,,5,1,9,1100,0,3,5,,2,005,"COUNTY ROAD 30","COUNTY ROAD M",1056.00,E,N,A,-,N,,,,,,,,,,Y,2,0,1,1,A,-,01,23152,A,N,E,I,A,A,H,-,A,D,0,,,,,Y,Y,A,01,1,0,0,0,0,0,0,0,0,"- ","- ",39.653129577636719,-122.17465972900391,GLENN,UNINCORPORATED,-122.17472076416016,39.653129577636719
91557413,2021,2021-08-27,9160,2021-02-28,1536,020558,,7,2,9,1100,0,3,5,,2,001,"COUNTY ROAD 306","BLACK DIAMOND ROAD",2112.00,N,N,A,-,N,,,,,,,,,,Y,1,1,0,1,A,-,01,23152,A,N,E,I,A,A,H,-,A,D,0,,,Y,,Y,Y,C,02,0,0,0,0,0,0,0,1,0,"- ","- ",39.411331176757812,-122.54511260986328,GLENN,UNINCORPORATED,-122.54510498046875,39.411426544189453
91540577,2021,2021-08-09,9160,2021-07-31,2040,019164,,6,2,9,1100,0,1,3,,1,010,SR-45,"COUNTY ROAD 24",342.00,N,N,A,-,Y,,,45,,,,,,,N,2,0,1,1,C,-,18,,,N,E,H,A,A,H,-,D,D,0,,,Y,,Y,,-,"- ",1,0,0,0,0,0,0,0,1,"- ","- ",39.708789825439453,-122.00369262695312,GLENN,UNINCORPORATED,-122.00382995605469,39.708747863769531
91637512,2021,2021-11-29,9160,2021-11-15,0820,018128,,1,1,9,1100,0,3,5,,2,005,"COUNTY ROAD 6","COUNTY ROAD N",25.00,E,N,E,-,N,,,,,,,,,,Y,4,0,1,2,A,-,08,22107,,N,D,C,A,B,H,-,A,D,0,,,,,Y,,A,01,0,0,1,0,0,0,0,0,0,"- ","- ",39.786991119384766,-122.15956878662109,GLENN,UNINCORPORATED,-122.15962982177734,39.786968231201172
91555074,2021,2021-08-26,9160,2021-08-17,2244,020558,,2,3,9,1100,0,1,1,,2,004,"INTERSTATE 5 SOUTH","COUNTY ROAD 48",6336.00,N,N,A,-,Y,,,5,,,,,,,Y,3,0,2,2,A,-,03,22350,,N,C,2,A,A,H,-,D,D,0,,,,,Y,,A,01,0,2,0,0,0,0,0,0,0,"- ","- ",39.556110382080078,-122.21465301513672,GLENN,UNINCORPORATED,-122.21469879150391,39.556118011474609
9355951,2021,2021-11-15,1101,2021-08-23,1326,512,ORLAN,1,5,2,1101,0,0,0,,0,,"WALKER ST","EAST ST",0.00,,Y,A,-,Y,GLE,3,32,-,-,0.550,I,5,E,Y,3,0,2,2,A,-,12,21453,A,N,D,C,A,A,H,-,A,A,0,,,,,Y,,A,01,0,1,1,0,0,0,0,0,0,"- ","- ",,,GLENN,ORLAND,-122.18722534179688,39.747325897216797
91532168,2021,2021-07-29,9160,2021-07-17,1715,019164,,6,2,9,1100,0,1,3,,2,012,SR-162,"COUNTY ROAD S",528.00,E,N,A,-,Y,,,162,,,,,,,N,4,0,1,1,A,-,08,22107,,N,E,I,A,A,H,-,A,D,0,,,,,Y,,A,01,0,0,1,0,0,0,0,0,0,"- ","- ",39.521678924560547,-122.10040283203125,GLENN,UNINCORPORATED,-122.10040283203125,39.521774291992188
91548839,2021,2021-08-19,9160,2021-08-09,1245,019718,,1,1,9,1100,0,1,3,,1,010,SR-45,"COUNTY ROAD 26",1300.00,S,N,A,-,Y,,,45,,,,,,,Y,3,0,1,1,A,-,08,22107,,N,F,A,A,A,H,-,A,D,0,,,,,Y,,A,01,0,1,0,0,0,0,0,0,0,"- ","- ",39.680320739746094,-122.00543975830078,GLENN,UNINCORPORATED,-122.00526428222656,39.680305480957031
91644967,2021,2021-12-07,9160,2021-12-02,1224,017577,,4,1,9,1100,0,1,3,,2,014,"STATE HIGHWAY 162","COUNTY ROAD 302",3696.00,E,N,A,-,Y,,,162,,,,,,,Y,3,0,1,1,A,-,08,22107,,N,E,I,A,A,H,-,A,D,0,,,,,Y,,D,22,0,1,0,0,0,0,0,0,0,"- ","- ",39.544841766357422,-122.34877777099609,GLENN,UNINCORPORATED,-122.34877777099609,39.544841766357422
91654634,2021,2021-12-16,9160,2021-12-06,1019,016148,,1,1,9,1100,0,3,5,,2,005,"COUNTY ROAD 19","COUNTY ROAD 200",312.00,W,N,B,E,N,,,,,,,,,,Y,4,0,1,1,A,-,08,22107,,N,E,I,A,B,H,-,A,D,0,,,,,Y,,A,01,0,0,1,0,0,0,0,0,0,"- ","- ",39.728809356689453,-122.15180969238281,GLENN,UNINCORPORATED,-122.15135192871094,39.728870391845703
91499862,2021,2021-06-17,9160,2021-06-07,0633,014900,,1,1,9,1100,0,1,3,,1,008,SR-32,"COUNTY ROAD P",0.00,,Y,A,-,Y,,,32,,,,,,,Y,3,0,4,2,A,-,12,22450,A,N,D,C,A,A,H,-,A,A,0,,,,,Y,,A,01,0,4,0,0,0,0,0,0,0,"- ","- ",39.747039794921875,-122.14096832275391,GLENN,UNINCORPORATED,-122.14096832275391,39.746963500976562
91515805,2021,2021-07-08,9160,2021-06-29,0850,016148,,2,1,9,1100,0,1,1,,2,002,"I-5 S/B","COUNTY ROAD 48",1584.00,S,N,A,-,Y,,,5,,,,,,S,Y,2,0,1,1,A,-,08,22107,,N,F,A,A,A,H,-,A,D,0,,,,,Y,,D,22,1,0,0,0,0,0,0,0,0,"- ","- ",39.533439636230469,-122.21475219726562,GLENN,UNINCORPORATED,-122.21492004394531,39.533439636230469
91407210,2021,2021-02-11,9160,2021-02-02,0530,016148,,2,3,9,1100,0,1,3,,1,010,"SR-45 S/B","COUNTY ROAD 28",1056.00,N,N,B,-,Y,,,45,,,,,,S,Y,2,0,1,1,A,-,08,22107,,N,E,I,A,B,H,-,D,D,0,,,,,Y,,A,01,1,0,0,0,0,0,0,0,0,"- ","- ",39.669689178466797,-122.00869750976562,GLENN,UNINCORPORATED,-122.00864410400391,39.669692993164062
91496513,2021,2021-06-14,9160,2021-06-03,2025,019718,,4,2,9,1100,0,3,5,,2,001,"COUNTY ROAD 48","COUNTY ROAD B",3250.00,E,N,A,-,N,,,,,,,,,,Y,3,0,2,1,A,-,03,22350,,N,E,I,A,A,H,-,B,D,0,,,,,Y,,D,22,0,2,0,0,0,0,0,0,0,"- ","- ",39.538749694824219,-122.27532196044922,GLENN,UNINCORPORATED,-122.27541351318359,39.538761138916016
91625220,2021,2021-12-14,9160,2021-11-04,1420,020558,,4,2,9,1100,0,2,4,,2,016,"COUNTY ROAD 99W","GARDEN STREET",430.00,S,N,A,-,N,,,,,,,,,,N,4,0,1,2,A,-,03,22350,,N,C,C,A,A,H,-,A,D,0,,,,,Y,,A,07,0,0,1,0,0,0,0,0,0,"- ","- ",39.527870178222656,-122.19361114501953,GLENN,UNINCORPORATED,,
91496318,2021,2021-06-14,9160,2021-06-02,0555,016148,,3,3,9,1100,0,1,3,,1,010,SR-45,SR-162,528.00,S,N,A,-,Y,,,45,,,,,,,Y,3,0,1,1,A,-,01,23152,A,N,E,I,A,A,H,-,A,D,0,,,,,Y,Y,A,01,0,1,0,0,0,0,0,0,0,"- ","- ",39.455600738525391,-122.01737213134766,GLENN,UNINCORPORATED,-122.01731872558594,39.455600738525391
91498804,2021,2021-06-16,9160,2021-06-07,2035,019043,,1,2,9,1100,0,1,1,,2,006,"INTERSTATE 5 S/B","CO RD 33",1584.00,N,N,A,-,Y,,,5,,,,,,S,Y,4,0,1,1,A,-,08,22107,,N,E,I,A,A,H,-,B,D,0,,,,,Y,,A,01,0,0,1,0,0,0,0,0,0,"- ","- ",39.628780364990234,-122.20465087890625,GLENN,UNINCORPORATED,-122.20462799072266,39.628776550292969
91469168,2021,2021-05-27,9160,2021-05-03,1645,020218,,1,2,9,1100,0,1,3,,1,010,"STATE ROUTE 45","STATE ROUTE 162",2640.00,N,N,A,-,Y,,,45,,,,,,,N,4,0,1,1,C,-,18,,,N,E,8,A,A,H,-,A,D,0,,,,,Y,,-,"- ",0,0,1,0,0,0,0,0,0,"- ","- ",39.530338287353516,-122.01213836669922,GLENN,UNINCORPORATED,-122.01219177246094,39.530338287353516
9322174,2021,2021-09-16,1101,2021-08-25,0728,502,ORLAN,3,5,2,1101,0,0,0,,0,CITY,"EAST WALKER ST","WOODWARD AV",0.00,,Y,A,-,Y,GLE,3,32,-,-,0.822,I,5,E,Y,2,0,1,2,A,-,09,21802,A,N,D,C,A,A,H,-,A,A,0,,,Y,,Y,,C,03,1,0,0,0,0,0,0,0,1,"- ","- ",,,GLENN,ORLAND,-122.18217468261719,39.747291564941406
91521509,2021,2021-07-15,9160,2021-07-06,1013,018737,,2,1,9,1100,0,1,1,,2,004,"I-5 S/B","COUNTY ROAD 57",3696.00,N,N,A,-,Y,,,5,,,,,,S,Y,2,0,1,1,A,-,08,22107,,N,E,I,A,A,H,-,A,D,0,,,,,Y,,D,22,1,0,0,0,0,0,0,0,0,"- ","- ",39.503189086914062,-122.20182037353516,GLENN,UNINCORPORATED,-122.20182800292969,39.503185272216797
91622033,2021,2021-11-10,9160,2021-11-02,0030,019718,,2,3,9,1100,0,3,5,,2,007,"COUNTY ROAD 39","COUNTY ROAD S",1515.00,E,N,B,-,N,,,,,,,,,,Y,2,0,1,1,A,-,08,22107,,N,E,I,A,A,H,-,D,D,0,,,,,Y,,D,22,1,0,0,0,0,0,0,0,0,"- ","- ",39.581680297851562,-122.10202789306641,GLENN,UNINCORPORATED,-122.10210418701172,39.582061767578125
91550852,2021,2021-08-23,9160,2021-08-13,2145,020558,,5,2,9,1100,0,3,5,,2,003,"COUNTY ROAD 200","COUNTY ROAD H",0.00,,Y,A,-,N,,,,,,,,,,Y,4,0,1,1,A,-,01,23152,A,N,E,I,A,A,H,-,D,D,0,,,,,Y,Y,A,01,0,0,1,0,0,0,0,0,0,"- ","- ",39.754718780517578,-122.21566009521484,GLENN,UNINCORPORATED,-122.21566009521484,39.754772186279297
91420711,2021,2021-03-04,9160,2021-02-20,0920,018128,,6,1,9,1100,0,1,1,,2,004,"I-5 S/B","BOYD OVERFLOW",104.00,S,N,A,-,Y,,,5,,,,,,S,Y,2,0,1,1,A,-,08,22107,,N,E,I,A,A,H,-,A,D,0,,,,,Y,,A,01,1,0,0,0,0,0,0,0,0,"- ","- ",39.554939270019531,-122.21494293212891,GLENN,UNINCORPORATED,-122.21488189697266,39.554931640625
91412926,2021,2021-02-23,9160,2021-02-12,1145,018128,,5,1,9,1100,0,3,5,,2,005,"COUNTY ROAD M","COUNTY ROAD 24",0.00,,Y,A,-,N,,,,,,,,,,Y,4,0,1,2,A,-,09,21801,A,N,A,C,A,A,H,-,A,D,0,,,,Y,Y,,D,22,0,0,1,0,0,0,0,0,0,"- ","- ",39.711021423339844,-122.17845153808594,GLENN,UNINCORPORATED,-122.178466796875,39.711032867431641
91550539,2021,2021-08-20,9160,2021-08-14,2125,020735,,6,2,9,1100,0,3,5,,2,007,"COUNTY ROAD 39","COUNTY ROAD 99W",0.00,,Y,A,-,N,,,,,,,,,,Y,4,0,1,1,A,-,03,22350,,N,E,I,A,A,H,-,C,D,0,,,,,Y,,A,01,0,0,1,0,0,0,0,0,0,"- ","- ",39.582160949707031,-122.193603515625,GLENN,UNINCORPORATED,-122.19439697265625,39.583530426025391
91527555,2021,2021-07-23,9160,2021-07-15,0821,017577,,4,1,9,1100,0,3,5,,2,005,"COUNTY ROAD M S/B","COUNTY ROAD 33",0.00,,Y,A,-,N,,,,,,,,,,Y,4,0,1,2,A,-,09,21802,A,N,C,C,A,A,H,-,A,A,0,,,,,Y,,A,01,0,0,1,0,0,0,0,0,0,"- ","- ",39.624141693115234,-122.17890930175781,GLENN,UNINCORPORATED,-122.25356292724609,39.624767303466797
91570260,2021,2021-09-14,9160,2021-09-05,2200,015118,,7,3,9,1100,0,3,5,,2,005,"CO. RD. 7","CO. RD. 99W",0.00,,Y,A,-,N,,,,,,,,,,Y,3,0,1,1,A,-,01,23152,A,N,E,I,A,A,H,-,C,A,0,,,,,Y,Y,A,07,0,1,0,0,0,0,0,0,0,"- ","- ",39.783660888671875,-122.19766235351562,GLENN,UNINCORPORATED,-122.19764709472656,39.783664703369141
91472880,2021,2021-05-27,9160,2021-05-01,1320,019718,,6,1,9,1100,0,3,5,,2,001,"COUNTY ROAD 306","COUNTY ROAD 308",3380.00,S,N,A,-,N,,,,,,,,,,Y,3,0,1,1,A,-,01,23152,A,N,E,I,A,A,H,-,A,D,0,,,,,Y,Y,D,22,0,1,0,0,0,0,0,0,0,"- ","- ",39.586589813232422,-122.5364990234375,GLENN,UNINCORPORATED,-122.53640747070312,39.586601257324219
91496669,2021,2021-06-14,9160,2021-05-25,1230,014900,,2,1,9,1100,0,3,5,,2,001,"COUNTY ROAD 62","COUNTY ROAD F",0.00,,Y,A,-,N,,,,,,,,,,Y,2,0,1,1,C,-,18,,,N,E,I,A,A,H,-,A,A,0,,,,,Y,,-,"- ",1,0,0,0,0,0,0,0,0,"- ","- ",39.450931549072266,-122.23049926757812,GLENN,UNINCORPORATED,-122.23049163818359,39.4521484375
91513790,2021,2021-07-06,9160,2021-06-25,0821,017577,,5,1,9,1100,0,1,1,,2,006,"INTERSTATE 5 N/B","NORTH OF COUNTY ROAD 24",130.00,N,N,A,-,Y,,,,,,,,,,Y,4,0,1,1,A,-,08,22107,,N,E,I,A,A,H,-,A,D,0,,,,,Y,,A,01,0,0,1,0,0,0,0,0,0,"- ","- ",39.712371826171875,-122.2069091796875,GLENN,UNINCORPORATED,-122.20563507080078,39.704505920410156
91411101,2021,2021-02-18,9160,2021-02-08,1600,018750,,1,2,9,1100,0,3,5,,2,003,"I-5 S/B TO COUNTY ROAD 16","COUNTY ROAD 16",0.00,,Y,A,-,Y,,,5,,,,R,,S,Y,4,0,2,2,A,-,09,21802,A,N,D,C,A,A,H,-,A,A,0,,,,,Y,,A,07,0,0,2,0,0,0,0,0,0,"- ","- ",39.740409851074219,-122.20733642578125,GLENN,UNINCORPORATED,-122.20733642578125,39.740409851074219
91555424,2021,2021-08-26,9160,2021-08-18,1510,016148,,3,2,9,1100,0,3,5,,2,007,"COUNTY ROAD 33","COUNTY ROAD M",0.00,,Y,A,-,N,,,,,,,,,,Y,4,0,1,2,A,-,09,21804,A,N,D,C,A,A,A,-,A,A,0,,,,,Y,,A,07,0,0,1,0,0,0,0,0,0,"- ","- ",39.624050140380859,-122.17875671386719,GLENN,UNINCORPORATED,-122.17877197265625,39.624038696289062